Pos,contact,binding,assay
0,binding_RAF,no,RAF1
1,binding_RAF,no,RAF1
2,binding_RAF,no,RAF1
3,binding_RAF,no,RAF1
4,binding_RAF,no,RAF1
5,binding_RAF,no,RAF1
6,binding_RAF,no,RAF1
7,binding_RAF,no,RAF1
8,binding_RAF,no,RAF1
9,binding_RAF,no,RAF1
10,binding_RAF,no,RAF1
11,binding_RAF,no,RAF1
12,binding_RAF,GTP,RAF1
13,binding_RAF,GTP,RAF1
14,binding_RAF,GTP,RAF1
15,binding_RAF,GTP,RAF1
16,binding_RAF,GTP,RAF1
17,binding_RAF,GTP,RAF1
18,binding_RAF,GTP,RAF1
19,binding_RAF,no,RAF1
20,binding_RAF,no,RAF1
21,binding_RAF,RAF,RAF1
22,binding_RAF,no,RAF1
23,binding_RAF,no,RAF1
24,binding_RAF,no,RAF1
25,binding_RAF,RAF,RAF1
26,binding_RAF,no,RAF1
27,binding_RAF,no,RAF1
28,binding_RAF,GTP,RAF1
29,binding_RAF,both,RAF1
30,binding_RAF,GTP,RAF1
31,binding_RAF,RAF,RAF1
32,binding_RAF,GTP,RAF1
33,binding_RAF,RAF,RAF1
34,binding_RAF,GTP,RAF1
35,binding_RAF,GTP,RAF1
36,binding_RAF,RAF,RAF1
37,binding_RAF,RAF,RAF1
38,binding_RAF,RAF,RAF1
39,binding_RAF,RAF,RAF1
40,binding_RAF,RAF,RAF1
41,binding_RAF,RAF,RAF1
42,binding_RAF,no,RAF1
43,binding_RAF,no,RAF1
44,binding_RAF,no,RAF1
45,binding_RAF,no,RAF1
46,binding_RAF,no,RAF1
47,binding_RAF,no,RAF1
48,binding_RAF,no,RAF1
49,binding_RAF,no,RAF1
50,binding_RAF,no,RAF1
51,binding_RAF,no,RAF1
52,binding_RAF,no,RAF1
53,binding_RAF,no,RAF1
54,binding_RAF,no,RAF1
55,binding_RAF,no,RAF1
56,binding_RAF,no,RAF1
57,binding_RAF,GTP,RAF1
58,binding_RAF,no,RAF1
59,binding_RAF,no,RAF1
60,binding_RAF,GTP,RAF1
61,binding_RAF,GTP,RAF1
62,binding_RAF,no,RAF1
63,binding_RAF,no,RAF1
64,binding_RAF,no,RAF1
65,binding_RAF,no,RAF1
66,binding_RAF,no,RAF1
67,binding_RAF,RAF,RAF1
68,binding_RAF,no,RAF1
69,binding_RAF,no,RAF1
70,binding_RAF,no,RAF1
71,binding_RAF,RAF,RAF1
72,binding_RAF,no,RAF1
73,binding_RAF,no,RAF1
74,binding_RAF,no,RAF1
75,binding_RAF,no,RAF1
76,binding_RAF,no,RAF1
77,binding_RAF,no,RAF1
78,binding_RAF,no,RAF1
79,binding_RAF,no,RAF1
80,binding_RAF,no,RAF1
81,binding_RAF,no,RAF1
82,binding_RAF,no,RAF1
83,binding_RAF,no,RAF1
84,binding_RAF,no,RAF1
85,binding_RAF,no,RAF1
86,binding_RAF,no,RAF1
87,binding_RAF,no,RAF1
88,binding_RAF,no,RAF1
89,binding_RAF,no,RAF1
90,binding_RAF,no,RAF1
91,binding_RAF,no,RAF1
92,binding_RAF,no,RAF1
93,binding_RAF,no,RAF1
94,binding_RAF,no,RAF1
95,binding_RAF,no,RAF1
96,binding_RAF,no,RAF1
97,binding_RAF,no,RAF1
98,binding_RAF,no,RAF1
99,binding_RAF,no,RAF1
100,binding_RAF,no,RAF1
101,binding_RAF,no,RAF1
102,binding_RAF,no,RAF1
103,binding_RAF,no,RAF1
104,binding_RAF,no,RAF1
105,binding_RAF,no,RAF1
106,binding_RAF,no,RAF1
107,binding_RAF,no,RAF1
108,binding_RAF,no,RAF1
109,binding_RAF,no,RAF1
110,binding_RAF,no,RAF1
111,binding_RAF,no,RAF1
112,binding_RAF,no,RAF1
113,binding_RAF,no,RAF1
114,binding_RAF,no,RAF1
115,binding_RAF,no,RAF1
116,binding_RAF,GTP,RAF1
117,binding_RAF,GTP,RAF1
118,binding_RAF,no,RAF1
119,binding_RAF,GTP,RAF1
120,binding_RAF,GTP,RAF1
121,binding_RAF,no,RAF1
122,binding_RAF,no,RAF1
123,binding_RAF,no,RAF1
124,binding_RAF,no,RAF1
125,binding_RAF,no,RAF1
126,binding_RAF,no,RAF1
127,binding_RAF,no,RAF1
128,binding_RAF,no,RAF1
129,binding_RAF,no,RAF1
130,binding_RAF,no,RAF1
131,binding_RAF,no,RAF1
132,binding_RAF,no,RAF1
133,binding_RAF,no,RAF1
134,binding_RAF,no,RAF1
135,binding_RAF,no,RAF1
136,binding_RAF,no,RAF1
137,binding_RAF,no,RAF1
138,binding_RAF,no,RAF1
139,binding_RAF,no,RAF1
140,binding_RAF,no,RAF1
141,binding_RAF,no,RAF1
142,binding_RAF,no,RAF1
143,binding_RAF,no,RAF1
144,binding_RAF,no,RAF1
145,binding_RAF,GTP,RAF1
146,binding_RAF,GTP,RAF1
147,binding_RAF,GTP,RAF1
148,binding_RAF,no,RAF1
149,binding_RAF,no,RAF1
150,binding_RAF,no,RAF1
151,binding_RAF,no,RAF1
152,binding_RAF,no,RAF1
153,binding_RAF,no,RAF1
154,binding_RAF,no,RAF1
155,binding_RAF,no,RAF1
156,binding_RAF,no,RAF1
157,binding_RAF,no,RAF1
158,binding_RAF,no,RAF1
159,binding_RAF,no,RAF1
160,binding_RAF,no,RAF1
161,binding_RAF,no,RAF1
162,binding_RAF,no,RAF1
163,binding_RAF,no,RAF1
164,binding_RAF,no,RAF1
165,binding_RAF,no,RAF1
166,binding_RAF,no,RAF1
167,binding_RAF,no,RAF1
168,binding_RAF,no,RAF1
169,binding_RAF,no,RAF1
170,binding_RAF,no,RAF1
171,binding_RAF,no,RAF1
172,binding_RAF,no,RAF1
173,binding_RAF,no,RAF1
174,binding_RAF,no,RAF1
175,binding_RAF,no,RAF1
176,binding_RAF,no,RAF1
177,binding_RAF,no,RAF1
178,binding_RAF,no,RAF1
179,binding_RAF,no,RAF1
180,binding_RAF,no,RAF1
181,binding_RAF,no,RAF1
182,binding_RAF,no,RAF1
183,binding_RAF,no,RAF1
184,binding_RAF,no,RAF1
185,binding_RAF,no,RAF1
186,binding_RAF,no,RAF1
187,binding_RAF,no,RAF1
188,binding_RAF,no,RAF1
0,binding_RAL,no,RALGDS
1,binding_RAL,no,RALGDS
2,binding_RAL,no,RALGDS
3,binding_RAL,no,RALGDS
4,binding_RAL,no,RALGDS
5,binding_RAL,no,RALGDS
6,binding_RAL,no,RALGDS
7,binding_RAL,no,RALGDS
8,binding_RAL,no,RALGDS
9,binding_RAL,no,RALGDS
10,binding_RAL,no,RALGDS
11,binding_RAL,no,RALGDS
12,binding_RAL,GTP,RALGDS
13,binding_RAL,GTP,RALGDS
14,binding_RAL,GTP,RALGDS
15,binding_RAL,GTP,RALGDS
16,binding_RAL,GTP,RALGDS
17,binding_RAL,GTP,RALGDS
18,binding_RAL,GTP,RALGDS
19,binding_RAL,no,RALGDS
20,binding_RAL,no,RALGDS
21,binding_RAL,no,RALGDS
22,binding_RAL,no,RALGDS
23,binding_RAL,no,RALGDS
24,binding_RAL,RAL,RALGDS
25,binding_RAL,RAL,RALGDS
26,binding_RAL,no,RALGDS
27,binding_RAL,no,RALGDS
28,binding_RAL,GTP,RALGDS
29,binding_RAL,no,RALGDS
30,binding_RAL,GTP,RALGDS
31,binding_RAL,RAL,RALGDS
32,binding_RAL,GTP,RALGDS
33,binding_RAL,RAL,RALGDS
34,binding_RAL,GTP,RALGDS
35,binding_RAL,GTP,RALGDS
36,binding_RAL,RAL,RALGDS
37,binding_RAL,RAL,RALGDS
38,binding_RAL,RAL,RALGDS
39,binding_RAL,RAL,RALGDS
40,binding_RAL,RAL,RALGDS
41,binding_RAL,RAL,RALGDS
42,binding_RAL,no,RALGDS
43,binding_RAL,no,RALGDS
44,binding_RAL,no,RALGDS
45,binding_RAL,no,RALGDS
46,binding_RAL,no,RALGDS
47,binding_RAL,no,RALGDS
48,binding_RAL,no,RALGDS
49,binding_RAL,no,RALGDS
50,binding_RAL,no,RALGDS
51,binding_RAL,no,RALGDS
52,binding_RAL,no,RALGDS
53,binding_RAL,no,RALGDS
54,binding_RAL,no,RALGDS
55,binding_RAL,no,RALGDS
56,binding_RAL,RAL,RALGDS
57,binding_RAL,GTP,RALGDS
58,binding_RAL,no,RALGDS
59,binding_RAL,no,RALGDS
60,binding_RAL,GTP,RALGDS
61,binding_RAL,GTP,RALGDS
62,binding_RAL,no,RALGDS
63,binding_RAL,no,RALGDS
64,binding_RAL,RAL,RALGDS
65,binding_RAL,no,RALGDS
66,binding_RAL,no,RALGDS
67,binding_RAL,RAL,RALGDS
68,binding_RAL,no,RALGDS
69,binding_RAL,no,RALGDS
70,binding_RAL,no,RALGDS
71,binding_RAL,no,RALGDS
72,binding_RAL,no,RALGDS
73,binding_RAL,no,RALGDS
74,binding_RAL,no,RALGDS
75,binding_RAL,no,RALGDS
76,binding_RAL,no,RALGDS
77,binding_RAL,no,RALGDS
78,binding_RAL,no,RALGDS
79,binding_RAL,no,RALGDS
80,binding_RAL,no,RALGDS
81,binding_RAL,no,RALGDS
82,binding_RAL,no,RALGDS
83,binding_RAL,no,RALGDS
84,binding_RAL,no,RALGDS
85,binding_RAL,no,RALGDS
86,binding_RAL,no,RALGDS
87,binding_RAL,no,RALGDS
88,binding_RAL,no,RALGDS
89,binding_RAL,no,RALGDS
90,binding_RAL,no,RALGDS
91,binding_RAL,no,RALGDS
92,binding_RAL,no,RALGDS
93,binding_RAL,no,RALGDS
94,binding_RAL,no,RALGDS
95,binding_RAL,no,RALGDS
96,binding_RAL,no,RALGDS
97,binding_RAL,no,RALGDS
98,binding_RAL,no,RALGDS
99,binding_RAL,no,RALGDS
100,binding_RAL,no,RALGDS
101,binding_RAL,no,RALGDS
102,binding_RAL,no,RALGDS
103,binding_RAL,no,RALGDS
104,binding_RAL,no,RALGDS
105,binding_RAL,no,RALGDS
106,binding_RAL,no,RALGDS
107,binding_RAL,no,RALGDS
108,binding_RAL,no,RALGDS
109,binding_RAL,no,RALGDS
110,binding_RAL,no,RALGDS
111,binding_RAL,no,RALGDS
112,binding_RAL,no,RALGDS
113,binding_RAL,no,RALGDS
114,binding_RAL,no,RALGDS
115,binding_RAL,no,RALGDS
116,binding_RAL,GTP,RALGDS
117,binding_RAL,GTP,RALGDS
118,binding_RAL,no,RALGDS
119,binding_RAL,GTP,RALGDS
120,binding_RAL,GTP,RALGDS
121,binding_RAL,no,RALGDS
122,binding_RAL,no,RALGDS
123,binding_RAL,no,RALGDS
124,binding_RAL,no,RALGDS
125,binding_RAL,no,RALGDS
126,binding_RAL,no,RALGDS
127,binding_RAL,no,RALGDS
128,binding_RAL,no,RALGDS
129,binding_RAL,no,RALGDS
130,binding_RAL,no,RALGDS
131,binding_RAL,no,RALGDS
132,binding_RAL,no,RALGDS
133,binding_RAL,no,RALGDS
134,binding_RAL,no,RALGDS
135,binding_RAL,no,RALGDS
136,binding_RAL,no,RALGDS
137,binding_RAL,no,RALGDS
138,binding_RAL,no,RALGDS
139,binding_RAL,no,RALGDS
140,binding_RAL,no,RALGDS
141,binding_RAL,no,RALGDS
142,binding_RAL,no,RALGDS
143,binding_RAL,no,RALGDS
144,binding_RAL,no,RALGDS
145,binding_RAL,GTP,RALGDS
146,binding_RAL,GTP,RALGDS
147,binding_RAL,GTP,RALGDS
148,binding_RAL,no,RALGDS
149,binding_RAL,no,RALGDS
150,binding_RAL,no,RALGDS
151,binding_RAL,no,RALGDS
152,binding_RAL,no,RALGDS
153,binding_RAL,no,RALGDS
154,binding_RAL,no,RALGDS
155,binding_RAL,no,RALGDS
156,binding_RAL,no,RALGDS
157,binding_RAL,no,RALGDS
158,binding_RAL,no,RALGDS
159,binding_RAL,no,RALGDS
160,binding_RAL,no,RALGDS
161,binding_RAL,no,RALGDS
162,binding_RAL,no,RALGDS
163,binding_RAL,no,RALGDS
164,binding_RAL,no,RALGDS
165,binding_RAL,no,RALGDS
166,binding_RAL,no,RALGDS
167,binding_RAL,no,RALGDS
168,binding_RAL,no,RALGDS
169,binding_RAL,no,RALGDS
170,binding_RAL,no,RALGDS
171,binding_RAL,no,RALGDS
172,binding_RAL,no,RALGDS
173,binding_RAL,no,RALGDS
174,binding_RAL,no,RALGDS
175,binding_RAL,no,RALGDS
176,binding_RAL,no,RALGDS
177,binding_RAL,no,RALGDS
178,binding_RAL,no,RALGDS
179,binding_RAL,no,RALGDS
180,binding_RAL,no,RALGDS
181,binding_RAL,no,RALGDS
182,binding_RAL,no,RALGDS
183,binding_RAL,no,RALGDS
184,binding_RAL,no,RALGDS
185,binding_RAL,no,RALGDS
186,binding_RAL,no,RALGDS
187,binding_RAL,no,RALGDS
188,binding_RAL,no,RALGDS
0,binding_PI3,no,PIK3CG
1,binding_PI3,no,PIK3CG
2,binding_PI3,no,PIK3CG
3,binding_PI3,PI3,PIK3CG
4,binding_PI3,no,PIK3CG
5,binding_PI3,no,PIK3CG
6,binding_PI3,no,PIK3CG
7,binding_PI3,no,PIK3CG
8,binding_PI3,no,PIK3CG
9,binding_PI3,no,PIK3CG
10,binding_PI3,no,PIK3CG
11,binding_PI3,no,PIK3CG
12,binding_PI3,GTP,PIK3CG
13,binding_PI3,GTP,PIK3CG
14,binding_PI3,GTP,PIK3CG
15,binding_PI3,GTP,PIK3CG
16,binding_PI3,GTP,PIK3CG
17,binding_PI3,GTP,PIK3CG
18,binding_PI3,GTP,PIK3CG
19,binding_PI3,GTP,PIK3CG
20,binding_PI3,no,PIK3CG
21,binding_PI3,PI3,PIK3CG
22,binding_PI3,no,PIK3CG
23,binding_PI3,no,PIK3CG
24,binding_PI3,PI3,PIK3CG
25,binding_PI3,PI3,PIK3CG
26,binding_PI3,no,PIK3CG
27,binding_PI3,no,PIK3CG
28,binding_PI3,GTP,PIK3CG
29,binding_PI3,PI3,PIK3CG
30,binding_PI3,GTP,PIK3CG
31,binding_PI3,no,PIK3CG
32,binding_PI3,GTP,PIK3CG
33,binding_PI3,PI3,PIK3CG
34,binding_PI3,GTP,PIK3CG
35,binding_PI3,GTP,PIK3CG
36,binding_PI3,PI3,PIK3CG
37,binding_PI3,PI3,PIK3CG
38,binding_PI3,PI3,PIK3CG
39,binding_PI3,PI3,PIK3CG
40,binding_PI3,PI3,PIK3CG
41,binding_PI3,PI3,PIK3CG
42,binding_PI3,no,PIK3CG
43,binding_PI3,no,PIK3CG
44,binding_PI3,no,PIK3CG
45,binding_PI3,no,PIK3CG
46,binding_PI3,no,PIK3CG
47,binding_PI3,no,PIK3CG
48,binding_PI3,no,PIK3CG
49,binding_PI3,no,PIK3CG
50,binding_PI3,no,PIK3CG
51,binding_PI3,no,PIK3CG
52,binding_PI3,no,PIK3CG
53,binding_PI3,no,PIK3CG
54,binding_PI3,no,PIK3CG
55,binding_PI3,no,PIK3CG
56,binding_PI3,no,PIK3CG
57,binding_PI3,GTP,PIK3CG
58,binding_PI3,no,PIK3CG
59,binding_PI3,no,PIK3CG
60,binding_PI3,GTP,PIK3CG
61,binding_PI3,GTP,PIK3CG
62,binding_PI3,no,PIK3CG
63,binding_PI3,PI3,PIK3CG
64,binding_PI3,PI3,PIK3CG
65,binding_PI3,no,PIK3CG
66,binding_PI3,no,PIK3CG
67,binding_PI3,no,PIK3CG
68,binding_PI3,no,PIK3CG
69,binding_PI3,no,PIK3CG
70,binding_PI3,PI3,PIK3CG
71,binding_PI3,no,PIK3CG
72,binding_PI3,no,PIK3CG
73,binding_PI3,PI3,PIK3CG
74,binding_PI3,no,PIK3CG
75,binding_PI3,no,PIK3CG
76,binding_PI3,no,PIK3CG
77,binding_PI3,no,PIK3CG
78,binding_PI3,no,PIK3CG
79,binding_PI3,no,PIK3CG
80,binding_PI3,no,PIK3CG
81,binding_PI3,no,PIK3CG
82,binding_PI3,no,PIK3CG
83,binding_PI3,no,PIK3CG
84,binding_PI3,no,PIK3CG
85,binding_PI3,no,PIK3CG
86,binding_PI3,no,PIK3CG
87,binding_PI3,no,PIK3CG
88,binding_PI3,no,PIK3CG
89,binding_PI3,no,PIK3CG
90,binding_PI3,no,PIK3CG
91,binding_PI3,no,PIK3CG
92,binding_PI3,no,PIK3CG
93,binding_PI3,no,PIK3CG
94,binding_PI3,no,PIK3CG
95,binding_PI3,no,PIK3CG
96,binding_PI3,no,PIK3CG
97,binding_PI3,no,PIK3CG
98,binding_PI3,no,PIK3CG
99,binding_PI3,no,PIK3CG
100,binding_PI3,no,PIK3CG
101,binding_PI3,no,PIK3CG
102,binding_PI3,no,PIK3CG
103,binding_PI3,no,PIK3CG
104,binding_PI3,no,PIK3CG
105,binding_PI3,no,PIK3CG
106,binding_PI3,no,PIK3CG
107,binding_PI3,no,PIK3CG
108,binding_PI3,no,PIK3CG
109,binding_PI3,no,PIK3CG
110,binding_PI3,no,PIK3CG
111,binding_PI3,no,PIK3CG
112,binding_PI3,no,PIK3CG
113,binding_PI3,no,PIK3CG
114,binding_PI3,no,PIK3CG
115,binding_PI3,no,PIK3CG
116,binding_PI3,GTP,PIK3CG
117,binding_PI3,GTP,PIK3CG
118,binding_PI3,no,PIK3CG
119,binding_PI3,GTP,PIK3CG
120,binding_PI3,GTP,PIK3CG
121,binding_PI3,no,PIK3CG
122,binding_PI3,no,PIK3CG
123,binding_PI3,no,PIK3CG
124,binding_PI3,no,PIK3CG
125,binding_PI3,no,PIK3CG
126,binding_PI3,no,PIK3CG
127,binding_PI3,no,PIK3CG
128,binding_PI3,no,PIK3CG
129,binding_PI3,no,PIK3CG
130,binding_PI3,no,PIK3CG
131,binding_PI3,no,PIK3CG
132,binding_PI3,no,PIK3CG
133,binding_PI3,no,PIK3CG
134,binding_PI3,no,PIK3CG
135,binding_PI3,no,PIK3CG
136,binding_PI3,no,PIK3CG
137,binding_PI3,no,PIK3CG
138,binding_PI3,no,PIK3CG
139,binding_PI3,no,PIK3CG
140,binding_PI3,no,PIK3CG
141,binding_PI3,no,PIK3CG
142,binding_PI3,no,PIK3CG
143,binding_PI3,no,PIK3CG
144,binding_PI3,no,PIK3CG
145,binding_PI3,GTP,PIK3CG
146,binding_PI3,GTP,PIK3CG
147,binding_PI3,GTP,PIK3CG
148,binding_PI3,no,PIK3CG
149,binding_PI3,no,PIK3CG
150,binding_PI3,no,PIK3CG
151,binding_PI3,no,PIK3CG
152,binding_PI3,no,PIK3CG
153,binding_PI3,no,PIK3CG
154,binding_PI3,no,PIK3CG
155,binding_PI3,no,PIK3CG
156,binding_PI3,no,PIK3CG
157,binding_PI3,no,PIK3CG
158,binding_PI3,no,PIK3CG
159,binding_PI3,no,PIK3CG
160,binding_PI3,no,PIK3CG
161,binding_PI3,no,PIK3CG
162,binding_PI3,no,PIK3CG
163,binding_PI3,no,PIK3CG
164,binding_PI3,no,PIK3CG
165,binding_PI3,no,PIK3CG
166,binding_PI3,no,PIK3CG
167,binding_PI3,no,PIK3CG
168,binding_PI3,no,PIK3CG
169,binding_PI3,no,PIK3CG
170,binding_PI3,no,PIK3CG
171,binding_PI3,no,PIK3CG
172,binding_PI3,no,PIK3CG
173,binding_PI3,no,PIK3CG
174,binding_PI3,no,PIK3CG
175,binding_PI3,no,PIK3CG
176,binding_PI3,no,PIK3CG
177,binding_PI3,no,PIK3CG
178,binding_PI3,no,PIK3CG
179,binding_PI3,no,PIK3CG
180,binding_PI3,no,PIK3CG
181,binding_PI3,no,PIK3CG
182,binding_PI3,no,PIK3CG
183,binding_PI3,no,PIK3CG
184,binding_PI3,no,PIK3CG
185,binding_PI3,no,PIK3CG
186,binding_PI3,no,PIK3CG
187,binding_PI3,no,PIK3CG
188,binding_PI3,no,PIK3CG
0,binding_SOS,no,SOS1
1,binding_SOS,SOS,SOS1
2,binding_SOS,no,SOS1
3,binding_SOS,no,SOS1
4,binding_SOS,no,SOS1
5,binding_SOS,no,SOS1
6,binding_SOS,no,SOS1
7,binding_SOS,no,SOS1
8,binding_SOS,no,SOS1
9,binding_SOS,no,SOS1
10,binding_SOS,no,SOS1
11,binding_SOS,no,SOS1
12,binding_SOS,GTP,SOS1
13,binding_SOS,GTP,SOS1
14,binding_SOS,GTP,SOS1
15,binding_SOS,GTP,SOS1
16,binding_SOS,GTP,SOS1
17,binding_SOS,both,SOS1
18,binding_SOS,both,SOS1
19,binding_SOS,no,SOS1
20,binding_SOS,SOS,SOS1
21,binding_SOS,SOS,SOS1
22,binding_SOS,SOS,SOS1
23,binding_SOS,no,SOS1
24,binding_SOS,SOS,SOS1
25,binding_SOS,SOS,SOS1
26,binding_SOS,SOS,SOS1
27,binding_SOS,SOS,SOS1
28,binding_SOS,GTP,SOS1
29,binding_SOS,no,SOS1
30,binding_SOS,both,SOS1
31,binding_SOS,SOS,SOS1
32,binding_SOS,both,SOS1
33,binding_SOS,SOS,SOS1
34,binding_SOS,both,SOS1
35,binding_SOS,both,SOS1
36,binding_SOS,SOS,SOS1
37,binding_SOS,SOS,SOS1
38,binding_SOS,SOS,SOS1
39,binding_SOS,SOS,SOS1
40,binding_SOS,SOS,SOS1
41,binding_SOS,SOS,SOS1
42,binding_SOS,SOS,SOS1
43,binding_SOS,SOS,SOS1
44,binding_SOS,SOS,SOS1
45,binding_SOS,SOS,SOS1
46,binding_SOS,no,SOS1
47,binding_SOS,no,SOS1
48,binding_SOS,no,SOS1
49,binding_SOS,no,SOS1
50,binding_SOS,SOS,SOS1
51,binding_SOS,no,SOS1
52,binding_SOS,SOS,SOS1
53,binding_SOS,no,SOS1
54,binding_SOS,SOS,SOS1
55,binding_SOS,no,SOS1
56,binding_SOS,SOS,SOS1
57,binding_SOS,both,SOS1
58,binding_SOS,SOS,SOS1
59,binding_SOS,SOS,SOS1
60,binding_SOS,both,SOS1
61,binding_SOS,both,SOS1
62,binding_SOS,no,SOS1
63,binding_SOS,SOS,SOS1
64,binding_SOS,SOS,SOS1
65,binding_SOS,SOS,SOS1
66,binding_SOS,SOS,SOS1
67,binding_SOS,SOS,SOS1
68,binding_SOS,SOS,SOS1
69,binding_SOS,SOS,SOS1
70,binding_SOS,SOS,SOS1
71,binding_SOS,SOS,SOS1
72,binding_SOS,no,SOS1
73,binding_SOS,SOS,SOS1
74,binding_SOS,no,SOS1
75,binding_SOS,no,SOS1
76,binding_SOS,no,SOS1
77,binding_SOS,no,SOS1
78,binding_SOS,no,SOS1
79,binding_SOS,no,SOS1
80,binding_SOS,no,SOS1
81,binding_SOS,no,SOS1
82,binding_SOS,no,SOS1
83,binding_SOS,no,SOS1
84,binding_SOS,no,SOS1
85,binding_SOS,no,SOS1
86,binding_SOS,no,SOS1
87,binding_SOS,no,SOS1
88,binding_SOS,no,SOS1
89,binding_SOS,no,SOS1
90,binding_SOS,no,SOS1
91,binding_SOS,no,SOS1
92,binding_SOS,no,SOS1
93,binding_SOS,no,SOS1
94,binding_SOS,no,SOS1
95,binding_SOS,SOS,SOS1
96,binding_SOS,no,SOS1
97,binding_SOS,no,SOS1
98,binding_SOS,no,SOS1
99,binding_SOS,no,SOS1
100,binding_SOS,no,SOS1
101,binding_SOS,no,SOS1
102,binding_SOS,SOS,SOS1
103,binding_SOS,SOS,SOS1
104,binding_SOS,no,SOS1
105,binding_SOS,SOS,SOS1
106,binding_SOS,no,SOS1
107,binding_SOS,no,SOS1
108,binding_SOS,no,SOS1
109,binding_SOS,no,SOS1
110,binding_SOS,no,SOS1
111,binding_SOS,no,SOS1
112,binding_SOS,no,SOS1
113,binding_SOS,no,SOS1
114,binding_SOS,no,SOS1
115,binding_SOS,no,SOS1
116,binding_SOS,GTP,SOS1
117,binding_SOS,GTP,SOS1
118,binding_SOS,no,SOS1
119,binding_SOS,GTP,SOS1
120,binding_SOS,GTP,SOS1
121,binding_SOS,no,SOS1
122,binding_SOS,no,SOS1
123,binding_SOS,no,SOS1
124,binding_SOS,no,SOS1
125,binding_SOS,no,SOS1
126,binding_SOS,no,SOS1
127,binding_SOS,no,SOS1
128,binding_SOS,no,SOS1
129,binding_SOS,no,SOS1
130,binding_SOS,no,SOS1
131,binding_SOS,no,SOS1
132,binding_SOS,no,SOS1
133,binding_SOS,no,SOS1
134,binding_SOS,no,SOS1
135,binding_SOS,no,SOS1
136,binding_SOS,no,SOS1
137,binding_SOS,no,SOS1
138,binding_SOS,no,SOS1
139,binding_SOS,no,SOS1
140,binding_SOS,no,SOS1
141,binding_SOS,no,SOS1
142,binding_SOS,no,SOS1
143,binding_SOS,no,SOS1
144,binding_SOS,no,SOS1
145,binding_SOS,GTP,SOS1
146,binding_SOS,GTP,SOS1
147,binding_SOS,GTP,SOS1
148,binding_SOS,no,SOS1
149,binding_SOS,SOS,SOS1
150,binding_SOS,no,SOS1
151,binding_SOS,no,SOS1
152,binding_SOS,no,SOS1
153,binding_SOS,SOS,SOS1
154,binding_SOS,no,SOS1
155,binding_SOS,no,SOS1
156,binding_SOS,no,SOS1
157,binding_SOS,no,SOS1
158,binding_SOS,no,SOS1
159,binding_SOS,no,SOS1
160,binding_SOS,no,SOS1
161,binding_SOS,no,SOS1
162,binding_SOS,no,SOS1
163,binding_SOS,no,SOS1
164,binding_SOS,no,SOS1
165,binding_SOS,no,SOS1
166,binding_SOS,no,SOS1
167,binding_SOS,no,SOS1
168,binding_SOS,no,SOS1
169,binding_SOS,no,SOS1
170,binding_SOS,no,SOS1
171,binding_SOS,no,SOS1
172,binding_SOS,no,SOS1
173,binding_SOS,no,SOS1
174,binding_SOS,no,SOS1
175,binding_SOS,no,SOS1
176,binding_SOS,no,SOS1
177,binding_SOS,no,SOS1
178,binding_SOS,no,SOS1
179,binding_SOS,no,SOS1
180,binding_SOS,no,SOS1
181,binding_SOS,no,SOS1
182,binding_SOS,no,SOS1
183,binding_SOS,no,SOS1
184,binding_SOS,no,SOS1
185,binding_SOS,no,SOS1
186,binding_SOS,no,SOS1
187,binding_SOS,no,SOS1
188,binding_SOS,no,SOS1
0,binding_K27,no,DARPin K27
1,binding_K27,no,DARPin K27
2,binding_K27,no,DARPin K27
3,binding_K27,no,DARPin K27
4,binding_K27,no,DARPin K27
5,binding_K27,no,DARPin K27
6,binding_K27,no,DARPin K27
7,binding_K27,no,DARPin K27
8,binding_K27,no,DARPin K27
9,binding_K27,no,DARPin K27
10,binding_K27,no,DARPin K27
11,binding_K27,no,DARPin K27
12,binding_K27,GDP,DARPin K27
13,binding_K27,GDP,DARPin K27
14,binding_K27,GDP,DARPin K27
15,binding_K27,GDP,DARPin K27
16,binding_K27,GDP,DARPin K27
17,binding_K27,GDP,DARPin K27
18,binding_K27,GDP,DARPin K27
19,binding_K27,no,DARPin K27
20,binding_K27,no,DARPin K27
21,binding_K27,K27,DARPin K27
22,binding_K27,no,DARPin K27
23,binding_K27,no,DARPin K27
24,binding_K27,K27,DARPin K27
25,binding_K27,K27,DARPin K27
26,binding_K27,no,DARPin K27
27,binding_K27,K27,DARPin K27
28,binding_K27,GDP,DARPin K27
29,binding_K27,K27,DARPin K27
30,binding_K27,both,DARPin K27
31,binding_K27,K27,DARPin K27
32,binding_K27,both,DARPin K27
33,binding_K27,K27,DARPin K27
34,binding_K27,both,DARPin K27
35,binding_K27,K27,DARPin K27
36,binding_K27,K27,DARPin K27
37,binding_K27,no,DARPin K27
38,binding_K27,K27,DARPin K27
39,binding_K27,K27,DARPin K27
40,binding_K27,K27,DARPin K27
41,binding_K27,K27,DARPin K27
42,binding_K27,no,DARPin K27
43,binding_K27,K27,DARPin K27
44,binding_K27,no,DARPin K27
45,binding_K27,no,DARPin K27
46,binding_K27,no,DARPin K27
47,binding_K27,no,DARPin K27
48,binding_K27,no,DARPin K27
49,binding_K27,no,DARPin K27
50,binding_K27,no,DARPin K27
51,binding_K27,no,DARPin K27
52,binding_K27,K27,DARPin K27
53,binding_K27,no,DARPin K27
54,binding_K27,K27,DARPin K27
55,binding_K27,no,DARPin K27
56,binding_K27,no,DARPin K27
57,binding_K27,GDP,DARPin K27
58,binding_K27,no,DARPin K27
59,binding_K27,GDP,DARPin K27
60,binding_K27,no,DARPin K27
61,binding_K27,no,DARPin K27
62,binding_K27,no,DARPin K27
63,binding_K27,no,DARPin K27
64,binding_K27,no,DARPin K27
65,binding_K27,no,DARPin K27
66,binding_K27,no,DARPin K27
67,binding_K27,K27,DARPin K27
68,binding_K27,no,DARPin K27
69,binding_K27,no,DARPin K27
70,binding_K27,K27,DARPin K27
71,binding_K27,K27,DARPin K27
72,binding_K27,no,DARPin K27
73,binding_K27,no,DARPin K27
74,binding_K27,no,DARPin K27
75,binding_K27,no,DARPin K27
76,binding_K27,no,DARPin K27
77,binding_K27,no,DARPin K27
78,binding_K27,no,DARPin K27
79,binding_K27,no,DARPin K27
80,binding_K27,no,DARPin K27
81,binding_K27,no,DARPin K27
82,binding_K27,no,DARPin K27
83,binding_K27,no,DARPin K27
84,binding_K27,no,DARPin K27
85,binding_K27,no,DARPin K27
86,binding_K27,no,DARPin K27
87,binding_K27,no,DARPin K27
88,binding_K27,no,DARPin K27
89,binding_K27,no,DARPin K27
90,binding_K27,no,DARPin K27
91,binding_K27,no,DARPin K27
92,binding_K27,no,DARPin K27
93,binding_K27,no,DARPin K27
94,binding_K27,no,DARPin K27
95,binding_K27,no,DARPin K27
96,binding_K27,no,DARPin K27
97,binding_K27,no,DARPin K27
98,binding_K27,no,DARPin K27
99,binding_K27,no,DARPin K27
100,binding_K27,no,DARPin K27
101,binding_K27,no,DARPin K27
102,binding_K27,no,DARPin K27
103,binding_K27,no,DARPin K27
104,binding_K27,no,DARPin K27
105,binding_K27,no,DARPin K27
106,binding_K27,no,DARPin K27
107,binding_K27,no,DARPin K27
108,binding_K27,no,DARPin K27
109,binding_K27,no,DARPin K27
110,binding_K27,no,DARPin K27
111,binding_K27,no,DARPin K27
112,binding_K27,no,DARPin K27
113,binding_K27,no,DARPin K27
114,binding_K27,no,DARPin K27
115,binding_K27,no,DARPin K27
116,binding_K27,GDP,DARPin K27
117,binding_K27,GDP,DARPin K27
118,binding_K27,no,DARPin K27
119,binding_K27,GDP,DARPin K27
120,binding_K27,GDP,DARPin K27
121,binding_K27,no,DARPin K27
122,binding_K27,no,DARPin K27
123,binding_K27,no,DARPin K27
124,binding_K27,no,DARPin K27
125,binding_K27,no,DARPin K27
126,binding_K27,no,DARPin K27
127,binding_K27,no,DARPin K27
128,binding_K27,no,DARPin K27
129,binding_K27,no,DARPin K27
130,binding_K27,no,DARPin K27
131,binding_K27,no,DARPin K27
132,binding_K27,no,DARPin K27
133,binding_K27,no,DARPin K27
134,binding_K27,no,DARPin K27
135,binding_K27,no,DARPin K27
136,binding_K27,no,DARPin K27
137,binding_K27,no,DARPin K27
138,binding_K27,no,DARPin K27
139,binding_K27,no,DARPin K27
140,binding_K27,no,DARPin K27
141,binding_K27,no,DARPin K27
142,binding_K27,no,DARPin K27
143,binding_K27,no,DARPin K27
144,binding_K27,no,DARPin K27
145,binding_K27,GDP,DARPin K27
146,binding_K27,GDP,DARPin K27
147,binding_K27,GDP,DARPin K27
148,binding_K27,no,DARPin K27
149,binding_K27,no,DARPin K27
150,binding_K27,no,DARPin K27
151,binding_K27,no,DARPin K27
152,binding_K27,no,DARPin K27
153,binding_K27,no,DARPin K27
154,binding_K27,no,DARPin K27
155,binding_K27,no,DARPin K27
156,binding_K27,no,DARPin K27
157,binding_K27,no,DARPin K27
158,binding_K27,no,DARPin K27
159,binding_K27,no,DARPin K27
160,binding_K27,no,DARPin K27
161,binding_K27,no,DARPin K27
162,binding_K27,no,DARPin K27
163,binding_K27,no,DARPin K27
164,binding_K27,no,DARPin K27
165,binding_K27,no,DARPin K27
166,binding_K27,no,DARPin K27
167,binding_K27,no,DARPin K27
168,binding_K27,no,DARPin K27
169,binding_K27,no,DARPin K27
170,binding_K27,no,DARPin K27
171,binding_K27,no,DARPin K27
172,binding_K27,no,DARPin K27
173,binding_K27,no,DARPin K27
174,binding_K27,no,DARPin K27
175,binding_K27,no,DARPin K27
176,binding_K27,no,DARPin K27
177,binding_K27,no,DARPin K27
178,binding_K27,no,DARPin K27
179,binding_K27,no,DARPin K27
180,binding_K27,no,DARPin K27
181,binding_K27,no,DARPin K27
182,binding_K27,no,DARPin K27
183,binding_K27,no,DARPin K27
184,binding_K27,no,DARPin K27
185,binding_K27,no,DARPin K27
186,binding_K27,no,DARPin K27
187,binding_K27,no,DARPin K27
188,binding_K27,no,DARPin K27
0,binding_K55,no,DARPin K55
1,binding_K55,no,DARPin K55
2,binding_K55,no,DARPin K55
3,binding_K55,no,DARPin K55
4,binding_K55,no,DARPin K55
5,binding_K55,K55,DARPin K55
6,binding_K55,no,DARPin K55
7,binding_K55,no,DARPin K55
8,binding_K55,no,DARPin K55
9,binding_K55,no,DARPin K55
10,binding_K55,no,DARPin K55
11,binding_K55,no,DARPin K55
12,binding_K55,GTP,DARPin K55
13,binding_K55,GTP,DARPin K55
14,binding_K55,GTP,DARPin K55
15,binding_K55,GTP,DARPin K55
16,binding_K55,GTP,DARPin K55
17,binding_K55,GTP,DARPin K55
18,binding_K55,GTP,DARPin K55
19,binding_K55,no,DARPin K55
20,binding_K55,no,DARPin K55
21,binding_K55,no,DARPin K55
22,binding_K55,no,DARPin K55
23,binding_K55,no,DARPin K55
24,binding_K55,K55,DARPin K55
25,binding_K55,K55,DARPin K55
26,binding_K55,no,DARPin K55
27,binding_K55,no,DARPin K55
28,binding_K55,GTP,DARPin K55
29,binding_K55,no,DARPin K55
30,binding_K55,GTP,DARPin K55
31,binding_K55,K55,DARPin K55
32,binding_K55,GTP,DARPin K55
33,binding_K55,K55,DARPin K55
34,binding_K55,GTP,DARPin K55
35,binding_K55,GTP,DARPin K55
36,binding_K55,K55,DARPin K55
37,binding_K55,K55,DARPin K55
38,binding_K55,K55,DARPin K55
39,binding_K55,K55,DARPin K55
40,binding_K55,K55,DARPin K55
41,binding_K55,no,DARPin K55
42,binding_K55,no,DARPin K55
43,binding_K55,no,DARPin K55
44,binding_K55,no,DARPin K55
45,binding_K55,no,DARPin K55
46,binding_K55,no,DARPin K55
47,binding_K55,no,DARPin K55
48,binding_K55,no,DARPin K55
49,binding_K55,no,DARPin K55
50,binding_K55,no,DARPin K55
51,binding_K55,no,DARPin K55
52,binding_K55,no,DARPin K55
53,binding_K55,no,DARPin K55
54,binding_K55,K55,DARPin K55
55,binding_K55,no,DARPin K55
56,binding_K55,K55,DARPin K55
57,binding_K55,GTP,DARPin K55
58,binding_K55,no,DARPin K55
59,binding_K55,no,DARPin K55
60,binding_K55,GTP,DARPin K55
61,binding_K55,GTP,DARPin K55
62,binding_K55,no,DARPin K55
63,binding_K55,no,DARPin K55
64,binding_K55,K55,DARPin K55
65,binding_K55,no,DARPin K55
66,binding_K55,K55,DARPin K55
67,binding_K55,K55,DARPin K55
68,binding_K55,no,DARPin K55
69,binding_K55,no,DARPin K55
70,binding_K55,K55,DARPin K55
71,binding_K55,no,DARPin K55
72,binding_K55,no,DARPin K55
73,binding_K55,K55,DARPin K55
74,binding_K55,K55,DARPin K55
75,binding_K55,no,DARPin K55
76,binding_K55,no,DARPin K55
77,binding_K55,no,DARPin K55
78,binding_K55,no,DARPin K55
79,binding_K55,no,DARPin K55
80,binding_K55,no,DARPin K55
81,binding_K55,no,DARPin K55
82,binding_K55,no,DARPin K55
83,binding_K55,no,DARPin K55
84,binding_K55,no,DARPin K55
85,binding_K55,no,DARPin K55
86,binding_K55,no,DARPin K55
87,binding_K55,no,DARPin K55
88,binding_K55,no,DARPin K55
89,binding_K55,no,DARPin K55
90,binding_K55,no,DARPin K55
91,binding_K55,no,DARPin K55
92,binding_K55,no,DARPin K55
93,binding_K55,no,DARPin K55
94,binding_K55,no,DARPin K55
95,binding_K55,no,DARPin K55
96,binding_K55,no,DARPin K55
97,binding_K55,no,DARPin K55
98,binding_K55,no,DARPin K55
99,binding_K55,no,DARPin K55
100,binding_K55,no,DARPin K55
101,binding_K55,no,DARPin K55
102,binding_K55,no,DARPin K55
103,binding_K55,no,DARPin K55
104,binding_K55,no,DARPin K55
105,binding_K55,no,DARPin K55
106,binding_K55,no,DARPin K55
107,binding_K55,no,DARPin K55
108,binding_K55,no,DARPin K55
109,binding_K55,no,DARPin K55
110,binding_K55,no,DARPin K55
111,binding_K55,no,DARPin K55
112,binding_K55,no,DARPin K55
113,binding_K55,no,DARPin K55
114,binding_K55,no,DARPin K55
115,binding_K55,no,DARPin K55
116,binding_K55,GTP,DARPin K55
117,binding_K55,GTP,DARPin K55
118,binding_K55,no,DARPin K55
119,binding_K55,GTP,DARPin K55
120,binding_K55,GTP,DARPin K55
121,binding_K55,no,DARPin K55
122,binding_K55,no,DARPin K55
123,binding_K55,no,DARPin K55
124,binding_K55,no,DARPin K55
125,binding_K55,no,DARPin K55
126,binding_K55,no,DARPin K55
127,binding_K55,no,DARPin K55
128,binding_K55,no,DARPin K55
129,binding_K55,no,DARPin K55
130,binding_K55,no,DARPin K55
131,binding_K55,no,DARPin K55
132,binding_K55,no,DARPin K55
133,binding_K55,no,DARPin K55
134,binding_K55,no,DARPin K55
135,binding_K55,no,DARPin K55
136,binding_K55,no,DARPin K55
137,binding_K55,no,DARPin K55
138,binding_K55,no,DARPin K55
139,binding_K55,no,DARPin K55
140,binding_K55,no,DARPin K55
141,binding_K55,no,DARPin K55
142,binding_K55,no,DARPin K55
143,binding_K55,no,DARPin K55
144,binding_K55,no,DARPin K55
145,binding_K55,GTP,DARPin K55
146,binding_K55,GTP,DARPin K55
147,binding_K55,GTP,DARPin K55
148,binding_K55,no,DARPin K55
149,binding_K55,no,DARPin K55
150,binding_K55,no,DARPin K55
151,binding_K55,no,DARPin K55
152,binding_K55,no,DARPin K55
153,binding_K55,no,DARPin K55
154,binding_K55,no,DARPin K55
155,binding_K55,no,DARPin K55
156,binding_K55,no,DARPin K55
157,binding_K55,no,DARPin K55
158,binding_K55,no,DARPin K55
159,binding_K55,no,DARPin K55
160,binding_K55,no,DARPin K55
161,binding_K55,no,DARPin K55
162,binding_K55,no,DARPin K55
163,binding_K55,no,DARPin K55
164,binding_K55,no,DARPin K55
165,binding_K55,no,DARPin K55
166,binding_K55,no,DARPin K55
167,binding_K55,no,DARPin K55
168,binding_K55,no,DARPin K55
169,binding_K55,no,DARPin K55
170,binding_K55,no,DARPin K55
171,binding_K55,no,DARPin K55
172,binding_K55,no,DARPin K55
173,binding_K55,no,DARPin K55
174,binding_K55,no,DARPin K55
175,binding_K55,no,DARPin K55
176,binding_K55,no,DARPin K55
177,binding_K55,no,DARPin K55
178,binding_K55,no,DARPin K55
179,binding_K55,no,DARPin K55
180,binding_K55,no,DARPin K55
181,binding_K55,no,DARPin K55
182,binding_K55,no,DARPin K55
183,binding_K55,no,DARPin K55
184,binding_K55,no,DARPin K55
185,binding_K55,no,DARPin K55
186,binding_K55,no,DARPin K55
187,binding_K55,no,DARPin K55
188,binding_K55,no,DARPin K55
0,binding_sotorasib,no,
1,binding_sotorasib,no,
2,binding_sotorasib,no,
3,binding_sotorasib,no,
4,binding_sotorasib,no,
5,binding_sotorasib,no,
6,binding_sotorasib,no,
7,binding_sotorasib,no,
8,binding_sotorasib,no,
9,binding_sotorasib,sotorasib_dist,
10,binding_sotorasib,no,
11,binding_sotorasib,no,
12,binding_sotorasib,sotorasib_dist,
13,binding_sotorasib,no,
14,binding_sotorasib,no,
15,binding_sotorasib,no,
16,binding_sotorasib,sotorasib_dist,
17,binding_sotorasib,no,
18,binding_sotorasib,no,
19,binding_sotorasib,no,
20,binding_sotorasib,no,
21,binding_sotorasib,no,
22,binding_sotorasib,no,
23,binding_sotorasib,no,
24,binding_sotorasib,no,
25,binding_sotorasib,no,
26,binding_sotorasib,no,
27,binding_sotorasib,no,
28,binding_sotorasib,no,
29,binding_sotorasib,no,
30,binding_sotorasib,no,
31,binding_sotorasib,no,
32,binding_sotorasib,no,
33,binding_sotorasib,no,
34,binding_sotorasib,sotorasib_dist,
35,binding_sotorasib,no,
36,binding_sotorasib,no,
37,binding_sotorasib,no,
38,binding_sotorasib,no,
39,binding_sotorasib,no,
40,binding_sotorasib,no,
41,binding_sotorasib,no,
42,binding_sotorasib,no,
43,binding_sotorasib,no,
44,binding_sotorasib,no,
45,binding_sotorasib,no,
46,binding_sotorasib,no,
47,binding_sotorasib,no,
48,binding_sotorasib,no,
49,binding_sotorasib,no,
50,binding_sotorasib,no,
51,binding_sotorasib,no,
52,binding_sotorasib,no,
53,binding_sotorasib,no,
54,binding_sotorasib,no,
55,binding_sotorasib,no,
56,binding_sotorasib,no,
57,binding_sotorasib,no,
58,binding_sotorasib,sotorasib_dist,
59,binding_sotorasib,sotorasib_dist,
60,binding_sotorasib,sotorasib_dist,
61,binding_sotorasib,sotorasib_dist,
62,binding_sotorasib,no,
63,binding_sotorasib,sotorasib_dist,
64,binding_sotorasib,no,
65,binding_sotorasib,no,
66,binding_sotorasib,no,
67,binding_sotorasib,no,
68,binding_sotorasib,sotorasib_dist,
69,binding_sotorasib,sotorasib_dist,
70,binding_sotorasib,no,
71,binding_sotorasib,no,
72,binding_sotorasib,sotorasib_dist,
73,binding_sotorasib,no,
74,binding_sotorasib,no,
75,binding_sotorasib,no,
76,binding_sotorasib,no,
77,binding_sotorasib,no,
78,binding_sotorasib,no,
79,binding_sotorasib,no,
80,binding_sotorasib,no,
81,binding_sotorasib,no,
82,binding_sotorasib,no,
83,binding_sotorasib,no,
84,binding_sotorasib,no,
85,binding_sotorasib,no,
86,binding_sotorasib,no,
87,binding_sotorasib,no,
88,binding_sotorasib,no,
89,binding_sotorasib,no,
90,binding_sotorasib,no,
91,binding_sotorasib,no,
92,binding_sotorasib,sotorasib_dist,
93,binding_sotorasib,no,
94,binding_sotorasib,no,
95,binding_sotorasib,sotorasib_dist,
96,binding_sotorasib,sotorasib_dist,
97,binding_sotorasib,no,
98,binding_sotorasib,no,
99,binding_sotorasib,sotorasib_dist,
100,binding_sotorasib,sotorasib_dist,
101,binding_sotorasib,no,
102,binding_sotorasib,no,
103,binding_sotorasib,sotorasib_dist,
104,binding_sotorasib,no,
108,binding_sotorasib,no,
109,binding_sotorasib,no,
110,binding_sotorasib,no,
111,binding_sotorasib,no,
112,binding_sotorasib,no,
113,binding_sotorasib,no,
114,binding_sotorasib,no,
115,binding_sotorasib,no,
116,binding_sotorasib,no,
117,binding_sotorasib,no,
118,binding_sotorasib,no,
119,binding_sotorasib,no,
120,binding_sotorasib,no,
121,binding_sotorasib,no,
122,binding_sotorasib,no,
123,binding_sotorasib,no,
124,binding_sotorasib,no,
125,binding_sotorasib,no,
126,binding_sotorasib,no,
127,binding_sotorasib,no,
128,binding_sotorasib,no,
129,binding_sotorasib,no,
130,binding_sotorasib,no,
131,binding_sotorasib,no,
132,binding_sotorasib,no,
133,binding_sotorasib,no,
134,binding_sotorasib,no,
135,binding_sotorasib,no,
136,binding_sotorasib,no,
137,binding_sotorasib,no,
138,binding_sotorasib,no,
139,binding_sotorasib,no,
140,binding_sotorasib,no,
141,binding_sotorasib,no,
142,binding_sotorasib,no,
143,binding_sotorasib,no,
144,binding_sotorasib,no,
145,binding_sotorasib,no,
146,binding_sotorasib,no,
147,binding_sotorasib,no,
148,binding_sotorasib,no,
149,binding_sotorasib,no,
150,binding_sotorasib,no,
151,binding_sotorasib,no,
152,binding_sotorasib,no,
153,binding_sotorasib,no,
154,binding_sotorasib,no,
155,binding_sotorasib,no,
156,binding_sotorasib,no,
157,binding_sotorasib,no,
158,binding_sotorasib,no,
159,binding_sotorasib,no,
160,binding_sotorasib,no,
161,binding_sotorasib,no,
162,binding_sotorasib,no,
163,binding_sotorasib,no,
164,binding_sotorasib,no,
165,binding_sotorasib,no,
166,binding_sotorasib,no,
167,binding_sotorasib,no,
168,binding_sotorasib,no,
169,binding_sotorasib,no,
1,structure,surface,folding
2,structure,surface,folding
3,structure,core,folding
4,structure,surface,folding
5,structure,core,folding
6,structure,surface,folding
7,structure,core,folding
8,structure,core,folding
9,structure,core,folding
10,structure,core,folding
11,structure,core,folding
12,structure,core,folding
13,structure,surface,folding
14,structure,surface,folding
15,structure,core,folding
16,structure,core,folding
17,structure,core,folding
18,structure,core,folding
19,structure,core,folding
20,structure,core,folding
21,structure,core,folding
22,structure,core,folding
23,structure,core,folding
24,structure,core,folding
25,structure,core,folding
26,structure,surface,folding
27,structure,surface,folding
28,structure,surface,folding
29,structure,surface,folding
30,structure,core,folding
31,structure,surface,folding
32,structure,surface,folding
33,structure,surface,folding
34,structure,surface,folding
35,structure,surface,folding
36,structure,core,folding
37,structure,surface,folding
38,structure,surface,folding
39,structure,surface,folding
40,structure,surface,folding
41,structure,surface,folding
42,structure,surface,folding
43,structure,surface,folding
44,structure,surface,folding
45,structure,core,folding
46,structure,surface,folding
47,structure,core,folding
48,structure,surface,folding
49,structure,surface,folding
50,structure,surface,folding
51,structure,surface,folding
52,structure,core,folding
53,structure,core,folding
54,structure,core,folding
55,structure,core,folding
56,structure,core,folding
57,structure,core,folding
58,structure,core,folding
59,structure,core,folding
60,structure,core,folding
61,structure,core,folding
62,structure,surface,folding
63,structure,surface,folding
64,structure,surface,folding
65,structure,surface,folding
66,structure,core,folding
67,structure,surface,folding
68,structure,surface,folding
69,structure,core,folding
70,structure,core,folding
71,structure,surface,folding
72,structure,core,folding
73,structure,core,folding
74,structure,surface,folding
75,structure,surface,folding
76,structure,core,folding
77,structure,surface,folding
78,structure,core,folding
79,structure,core,folding
80,structure,core,folding
81,structure,core,folding
82,structure,core,folding
83,structure,core,folding
84,structure,core,folding
85,structure,core,folding
86,structure,surface,folding
87,structure,surface,folding
88,structure,surface,folding
89,structure,surface,folding
90,structure,core,folding
91,structure,core,folding
92,structure,surface,folding
93,structure,surface,folding
94,structure,core,folding
95,structure,surface,folding
96,structure,surface,folding
97,structure,core,folding
98,structure,core,folding
99,structure,surface,folding
100,structure,core,folding
101,structure,core,folding
102,structure,surface,folding
103,structure,surface,folding
104,structure,surface,folding
105,structure,surface,folding
106,structure,surface,folding
107,structure,surface,folding
108,structure,surface,folding
109,structure,surface,folding
110,structure,core,folding
111,structure,core,folding
112,structure,core,folding
113,structure,core,folding
114,structure,core,folding
115,structure,core,folding
116,structure,core,folding
117,structure,core,folding
118,structure,surface,folding
119,structure,core,folding
120,structure,surface,folding
121,structure,surface,folding
122,structure,surface,folding
123,structure,surface,folding
124,structure,surface,folding
125,structure,surface,folding
126,structure,core,folding
127,structure,surface,folding
128,structure,surface,folding
129,structure,surface,folding
130,structure,surface,folding
131,structure,core,folding
132,structure,surface,folding
133,structure,surface,folding
134,structure,core,folding
135,structure,core,folding
136,structure,surface,folding
137,structure,surface,folding
138,structure,core,folding
139,structure,surface,folding
140,structure,core,folding
141,structure,surface,folding
142,structure,core,folding
143,structure,core,folding
144,structure,surface,folding
145,structure,core,folding
146,structure,core,folding
147,structure,core,folding
148,structure,surface,folding
149,structure,surface,folding
150,structure,core,folding
151,structure,surface,folding
152,structure,core,folding
153,structure,core,folding
154,structure,surface,folding
155,structure,surface,folding
156,structure,core,folding
157,structure,core,folding
158,structure,core,folding
159,structure,core,folding
160,structure,core,folding
161,structure,core,folding
162,structure,surface,folding
163,structure,core,folding
164,structure,core,folding
165,structure,surface,folding
166,structure,surface,folding
167,structure,HVR,folding
168,structure,HVR,folding
169,structure,HVR,folding
170,structure,HVR,folding
171,structure,HVR,folding
172,structure,HVR,folding
173,structure,HVR,folding
174,structure,HVR,folding
175,structure,HVR,folding
176,structure,HVR,folding
177,structure,HVR,folding
178,structure,HVR,folding
179,structure,HVR,folding
180,structure,HVR,folding
181,structure,HVR,folding
182,structure,HVR,folding
183,structure,HVR,folding
184,structure,HVR,folding
185,structure,HVR,folding
186,structure,HVR,folding
187,structure,HVR,folding
188,structure,HVR,folding
5,pocket1,TRUE,
6,pocket1,TRUE,
7,pocket1,TRUE,
39,pocket1,TRUE,
54,pocket1,TRUE,
55,pocket1,TRUE,
56,pocket1,TRUE,
70,pocket1,TRUE,
71,pocket1,TRUE,
72,pocket1,TRUE,
73,pocket1,TRUE,
74,pocket1,TRUE,
75,pocket1,TRUE,
61,pocket2,TRUE,
62,pocket2,TRUE,
63,pocket2,TRUE,
64,pocket2,TRUE,
65,pocket2,TRUE,
90,pocket2,TRUE,
91,pocket2,TRUE,
92,pocket2,TRUE,
93,pocket2,TRUE,
94,pocket2,TRUE,
97,pocket3,TRUE,
101,pocket3,TRUE,
107,pocket3,TRUE,
108,pocket3,TRUE,
109,pocket3,TRUE,
110,pocket3,TRUE,
111,pocket3,TRUE,
136,pocket3,TRUE,
137,pocket3,TRUE,
138,pocket3,TRUE,
139,pocket3,TRUE,
140,pocket3,TRUE,
161,pocket3,TRUE,
162,pocket3,TRUE,
163,pocket3,TRUE,
164,pocket3,TRUE,
165,pocket3,TRUE,
166,pocket3,TRUE,
17,pocket4,TRUE,
21,pocket4,TRUE,
24,pocket4,TRUE,
25,pocket4,TRUE,
26,pocket4,TRUE,
27,pocket4,TRUE,
28,pocket4,TRUE,
29,pocket4,TRUE,
30,pocket4,TRUE,
31,pocket4,TRUE,
32,pocket4,TRUE,
33,pocket4,TRUE,
34,pocket4,TRUE,
35,pocket4,TRUE,
36,pocket4,TRUE,
37,pocket4,TRUE,
38,pocket4,TRUE,
39,pocket4,TRUE,
40,pocket4,TRUE,
57,pocket4,TRUE,
